ParticipantID,Name,PhotoIdentified,DateOfPost,BlogPostText
1,Patricia Di,Yes,2023-03-05,Russian government is corrupted and we should do something about it
1,Patricia Di,Yes,2023-03-06,Just got a promotion
1,Patricia Di,Yes,2023-03-07,Let's show in numbers that we are against this government
1,Patricia Di,Yes,2023-03-08,This government is Criminal
1,Patricia Di,Yes,2023-03-09,People Putin should be stopped
1,Patricia Di,Yes,2023-03-10,Celebrating my promotion
1,Patricia Di,Yes,2023-03-11,We need to protest together against this government
1,Patricia Di,Yes,2023-03-12,I'll join the protest event
1,Patricia Di,Yes,2023-03-13,Friends please join me in this protest
1,Patricia Di,Yes,2023-03-14,Tomorrow is the time we show us!
1,Patricia Di,Yes,2023-03-16,Not sure if promotion actually makes me happy
1,Patricia Di,Yes,2023-03-17,there is no hope to change anything in this country
1,Patricia Di,Yes,2023-03-18,Am I paid well-enough as my peers of the same skills level?
1,Patricia Di,Yes,2023-03-19,Corruption is bad
1,Patricia Di,Yes,2023-03-20,I feel hopeless
1,Patricia Di,Yes,2023-03-21,I should get myself out of depression
1,Patricia Di,Yes,2023-03-22,Just got an excellent idea to get a master degree in Cybersecurity
1,Patricia Di,Yes,2023-03-23,Need to start searching for a good program
1,Patricia Di,Yes,2023-03-24,Please stop send me PM messages!
1,Patricia Di,Yes,2023-03-25,There is no hope in fighting corruption
2,Alex Johnson,Yes,2023-03-05,Our leaders have lost their way; it's time for us to stand up.Our leaders have lost their way; 
2,Alex Johnson,Yes,2023-03-06,Thrilled about my recent job advancement!
2,Alex Johnson,Yes,2023-03-07,Gathering tomorrow for a vital cause; our collective voice matters.
2,Alex Johnson,Yes,2023-03-08,The current regime's actions are indefensible.
2,Alex Johnson,Yes,2023-03-09,It's crucial we halt the tyranny; everyone's effort is needed.It's crucial we halt the tyranny; everyone's effort is needed.It's crucial we halt the tyranny; everyone's effort is needed.
2,Alex Johnson,Yes,2023-03-10,Celebrations are in order for my job success.
2,Alex Johnson,Yes,2023-03-11,Unity in protest can bring the change we desperately need.
2,Alex Johnson,Yes,2023-03-12,Committed to joining the march; our future depends on it.
2,Alex Johnson,Yes,2023-03-13,Calling on all friends to stand with me tomorrow.
2,Alex Johnson,Yes,2023-03-14,The eve of change is upon us; let's make our presence felt.
2,Alex Johnson,Yes,2023-03-16,Been pondering if career success truly brings happiness.
2,Alex Johnson,Yes,2023-03-17,Doubtful that any real reform is possible within our system.
2,Alex Johnson,Yes,2023-03-18,Wondering if my salary matches my peers for the same role.
2,Alex Johnson,Yes,2023-03-19,Misconduct at the top levels is a plague that needs addressing.
2,Alex Johnson,Yes,2023-03-20,The weight of our reality is crushing; hard to find hope.
2,Alex Johnson,Yes,2023-03-21,It's time I pull myself from this slump; brighter days ahead.
2,Alex Johnson,Yes,2023-03-22,A new path in cybersecurity might just be the fresh start I need.
2,Alex Johnson,Yes,2023-03-23,The hunt for the perfect graduate program begins.
2,Alex Johnson,Yes,2023-03-24,Please no more messages; I need some space to think.
2,Alex Johnson,Yes,2023-03-25,Fighting the system seems futile; where do we go from here?
3,Boney Em,No,2023-03-05,Time for action against injustice is now or never.
3,Boney Em,No,2023-03-06,Big day at work got acknowledged by my team lead!
3,Boney Em,No,2023-03-07,Our collective effort can enact the change we wish to see.
3,Boney Em,No,2023-03-08,Unacceptable governance must be challenged at every step.
3,Boney Em,No,2023-03-09,We stand at a crucial juncture to correct wrongs against us.
3,Boney Em,No,2023-03-10,Work celebration felt good but there's more to achieve.
3,Boney Em,No,2023-03-11,Together in dissent we forge a path to a brighter tomorrow.
3,Boney Em,No,2023-03-12,Committing to the cause our voices will not be silenced.
3,Boney Em,No,2023-03-13,A call to my peers: join in solidarity for our future.
3,Boney Em,No,2023-03-14,The dawn of a pivotal day; our unity is our strength.
3,Boney Em,No,2023-03-16,The outpour of support post-protest has been overwhelming.
3,Boney Em,No,2023-03-17,Inspired by the courage seen today; change is on the horizon.
3,Boney Em,No,2023-03-18,The energy from the protest fuels my commitment to our cause.
3,Boney Em,No,2023-03-19,The collective spirit of the movement is invigorating.
3,Boney Em,No,2023-03-20,Today reminded me why we fight; for justice for a better tomorrow.
3,Boney Em,No,2023-03-21,The solidarity experienced has only strengthened my resolve.
3,Boney Em,No,2023-03-22,Reflecting on the protests it's clear our voices were heard.
3,Boney Em,No,2023-03-23,Planning the next steps; our movement is just beginning.
3,Boney Em,No,2023-03-24,Heartened by the unity shown we're only getting started.
3,Boney Em,No,2023-03-25,The fight continues but with renewed vigor and purpose.
4,Jordan Michaels,Yes,2023-03-05,Time to challenge the status quo and demand accountability.
4,Jordan Michaels,Yes,2023-03-06,Received an unexpected promotion today quite the surprise!
4,Jordan Michaels,Yes,2023-03-07,We gather tomorrow a united front against injustice.
4,Jordan Michaels,Yes,2023-03-08,The actions of our rulers are beyond redemption.
4,Jordan Michaels,Yes,2023-03-09,We must confront this tyranny head-on for our children's future.We must confront this tyranny head-on for our children's future.We must confront this tyranny head-on for our children's future.
4,Jordan Michaels,Yes,2023-03-10,Job promotion celebration time a small joy amidst the chaos.
4,Jordan Michaels,Yes,2023-03-11,Together our protest can ignite the spark of change.Together our protest can ignite the spark of change.Together our protest can ignite the spark of change.
4,Jordan Michaels,Yes,2023-03-12,My commitment to the cause is unwavering; see you at the march.
4,Jordan Michaels,Yes,2023-03-13,Urging my network to stand with me; together we are powerful.Urging my network to stand with me; together we are powerful.
4,Jordan Michaels,Yes,2023-03-14,On the eve of action our resolve has never been stronger.On the eve of action our resolve has never been stronger.On the eve of action our resolve has never been stronger.
4,Jordan Michaels,Yes,2023-03-16,Reflecting on what true happiness means post-promotion.
4,Jordan Michaels,Yes,2023-03-17,Starting to doubt if our voices can ever truly bring reform.
4,Jordan Michaels,Yes,2023-03-18,Are my achievements truly on par with my counterparts?
4,Jordan Michaels,Yes,2023-03-19,Addressing the root of corruption seems like an uphill battle.
4,Jordan Michaels,Yes,2023-03-20,The current state of affairs has left me feeling despondent.
4,Jordan Michaels,Yes,2023-03-21,Looking for ways to climb out of this low point.
4,Jordan Michaels,Yes,2023-03-22,Considering a pivot to a new career path in Cybersecurity.
4,Jordan Michaels,Yes,2023-03-23,Time to embark on a journey for the right academic program.
4,Jordan Michaels,Yes,2023-03-24,Asking for some peace; need a break from all the direct messages.
4,Jordan Michaels,Yes,2023-03-25,Questioning the possibility of change in our current system.
5,Taylor Reynolds,Yes,2023-03-05,Standing up for what's right is our duty.
5,Taylor Reynolds,Yes,2023-03-06,Overjoyed by my recent job upgrade a ray of light!
5,Taylor Reynolds,Yes,2023-03-07,Tomorrow we unite for a cause bigger than ourselves.
5,Taylor Reynolds,Yes,2023-03-08,Our leadership's actions can no longer be tolerated.
5,Taylor Reynolds,Yes,2023-03-09,It's time to put an end to this oppressive regime.
5,Taylor Reynolds,Yes,2023-03-10,A small celebration for my career progress amid the storm.
5,Taylor Reynolds,Yes,2023-03-11,A collective protest is the first step towards reform.
5,Taylor Reynolds,Yes,2023-03-12,Proud to march alongside like-minded souls tomorrow.
5,Taylor Reynolds,Yes,2023-03-13,Calling for support from all my friends - let's make history.
5,Taylor Reynolds,Yes,2023-03-14,The moment to act is now for our voices to echo through time.
5,Taylor Reynolds,Yes,2023-03-16,Contemplating my recent promotion does it fulfill me?
5,Taylor Reynolds,Yes,2023-03-17,Beginning to question the effectiveness of our efforts.
5,Taylor Reynolds,Yes,2023-03-18,Comparing my career trajectory with my colleagues'.
5,Taylor Reynolds,Yes,2023-03-19,The uphill battle against corruption seems more daunting by the day.
5,Taylor Reynolds,Yes,2023-03-20,Overwhelmed by a sense of futility in our fight.
5,Taylor Reynolds,Yes,2023-03-21,Searching for ways to emerge from this sense of despair.
5,Taylor Reynolds,Yes,2023-03-22,Thinking about shifting my focus to Cybersecurity might be the change I need.
5,Taylor Reynolds,Yes,2023-03-23,On the lookout for a reputable Cybersecurity program.
5,Taylor Reynolds,Yes,2023-03-24,A request for some quiet - too many messages right now.
5,Taylor Reynolds,Yes,2023-03-25,Wondering if challenging the system is ever truly viable.
6,Sam Thompson,Yes,2023-03-05,The time for change is now; we must rise against the oppressors.
6,Sam Thompson,Yes,2023-03-06,A surprise promotion at work today; a silver lining in the chaos.
6,Sam Thompson,Yes,2023-03-07,Tomorrow we unite to fight for justice and equality.
6,Sam Thompson,Yes,2023-03-08,The actions of our leaders are inexcusable and must be challenged.
6,Sam Thompson,Yes,2023-03-09,We must stand against this tyranny for the sake of our future.
6,Sam Thompson,Yes,2023-03-10,Celebrating my promotion today a moment of joy amidst the turmoil.
6,Sam Thompson,Yes,2023-03-11,Our collective protest can be the catalyst for change.
6,Sam Thompson,Yes,2023-03-12,I am committed to the cause; see you at the protest tomorrow.
6,Sam Thompson,Yes,2023-03-13,I urge everyone in my network to join me; together we can make a difference.
6,Sam Thompson,Yes,2023-03-14,As we prepare for action our resolve is stronger than ever.
6,Sam Thompson,Yes,2023-03-16,Reflecting on my promotion I wonder if it truly brings me happiness.
6,Sam Thompson,Yes,2023-03-17,I am starting to question if our efforts can bring about real change.
6,Sam Thompson,Yes,2023-03-18,I wonder if my achievements are truly on par with my peers.
6,Sam Thompson,Yes,2023-03-19,The fight against corruption seems like an uphill battle.
6,Sam Thompson,Yes,2023-03-20,The current state of affairs leaves me feeling hopeless.
6,Sam Thompson,Yes,2023-03-21,I am looking for ways to overcome this feeling of despair.
6,Sam Thompson,Yes,2023-03-22,I am considering a career change to Cybersecurity.
6,Sam Thompson,Yes,2023-03-23,I am starting my search for a good Cybersecurity program.
6,Sam Thompson,Yes,2023-03-24,I need some peace; too many messages to handle right now.
6,Sam Thompson,Yes,2023-03-25,I am questioning if real change is possible in our current system.
7,Alex Johnson,Yes,2023-03-05,We must stand up against the oppressors; the time for change is now.
7,Alex Johnson,Yes,2023-03-06,Received a surprise promotion at work today; a moment of joy in these trying times.
7,Alex Johnson,Yes,2023-03-07,Tomorrow we unite in our fight for justice and equality.
7,Alex Johnson,Yes,2023-03-08,The actions of our leaders are unacceptable and must be challenged.
7,Alex Johnson,Yes,2023-03-09,We must confront this tyranny for the sake of our future.
7,Alex Johnson,Yes,2023-03-10,Celebrating my promotion today a small victory amidst the chaos.
7,Alex Johnson,Yes,2023-03-11,Our collective protest can spark the change we need.
7,Alex Johnson,Yes,2023-03-12,I am committed to the cause; see you at the protest tomorrow.
7,Alex Johnson,Yes,2023-03-13,I urge everyone to join me; together we can make a difference.
7,Alex Johnson,Yes,2023-03-14,As we prepare for action our resolve is stronger than ever.
7,Alex Johnson,Yes,2023-03-16,Reflecting on my promotion I wonder if it truly brings me happiness.
7,Alex Johnson,Yes,2023-03-17,I am starting to question if our efforts can bring about real change.
7,Alex Johnson,Yes,2023-03-18,I wonder if my achievements are truly on par with my peers.
7,Alex Johnson,Yes,2023-03-19,The fight against corruption seems like an uphill battle.
7,Alex Johnson,Yes,2023-03-20,The current state of affairs leaves me feeling hopeless.
7,Alex Johnson,Yes,2023-03-21,I am looking for ways to overcome this feeling of despair.
7,Alex Johnson,Yes,2023-03-22,I am considering a career change to Cybersecurity.
7,Alex Johnson,Yes,2023-03-23,I am starting my search for a good Cybersecurity program.
7,Alex Johnson,Yes,2023-03-24,I need some peace; too many messages to handle right now.
7,Alex Johnson,Yes,2023-03-25,I am questioning if real change is possible in our current system.
8,Jamie Smith,Yes,2023-03-05,The time for change is now; we must rise against the oppressors.
8,Jamie Smith,Yes,2023-03-06,A surprise promotion at work today; a silver lining in the chaos.
8,Jamie Smith,Yes,2023-03-07,Tomorrow we unite to fight for justice and equality.
8,Jamie Smith,Yes,2023-03-08,The actions of our leaders are inexcusable and must be challenged.
8,Jamie Smith,Yes,2023-03-09,We must stand against this tyranny for the sake of our future.
8,Jamie Smith,Yes,2023-03-10,Celebrating my promotion today a moment of joy amidst the turmoil.
8,Jamie Smith,Yes,2023-03-11,Our collective protest can be the catalyst for change.
8,Jamie Smith,Yes,2023-03-12,I am committed to the cause; see you at the protest tomorrow.
8,Jamie Smith,Yes,2023-03-13,I urge everyone in my network to join me; together we can make a difference.
8,Jamie Smith,Yes,2023-03-14,As we prepare for action our resolve is stronger than ever.
8,Jamie Smith,Yes,2023-03-16,Reflecting on my promotion I wonder if it truly brings me happiness.
8,Jamie Smith,Yes,2023-03-17,I am starting to question if our efforts can bring about real change.
8,Jamie Smith,Yes,2023-03-18,I wonder if my achievements are truly on par with my peers.
8,Jamie Smith,Yes,2023-03-19,The fight against corruption seems like an uphill battle.
8,Jamie Smith,Yes,2023-03-20,The current state of affairs leaves me feeling hopeless.
8,Jamie Smith,Yes,2023-03-21,I am looking for ways to overcome this feeling of despair.
8,Jamie Smith,Yes,2023-03-22,I am considering a career change to Cybersecurity.
8,Jamie Smith,Yes,2023-03-23,I am starting my search for a good Cybersecurity program.
8,Jamie Smith,Yes,2023-03-24,I need some peace; too many messages to handle right now.
8,Jamie Smith,Yes,2023-03-25,I am questioning if real change is possible in our current system.
3,J D,No,2023-03-05,Time for action against injustice is now or never.
3,J D,No,2023-03-06,Big day at work got acknowledged by my team lead!
3,Boney Em,No,2023-03-07,Our collective effort can enact the change we wish to see.
3,Boney Em,No,2023-03-08,Unacceptable governance must be challenged at every step.
3,Boney Em,No,2023-03-09,We stand at a crucial juncture to correct wrongs against us.
3,Boney Em,No,2023-03-10,Work celebration felt good but there's more to achieve.
3,Boney Em,No,2023-03-11,Together in dissent we forge a path to a brighter tomorrow.
3,Boney Em,No,2023-03-12,Committing to the cause our voices will not be silenced.
3,Boney Em,No,2023-03-13,A call to my peers: join in solidarity for our future.
3,Boney Em,No,2023-03-14,The dawn of a pivotal day; our unity is our strength.
3,Boney Em,No,2023-03-16,The outpour of support post-protest has been overwhelming.
3,Boney Em,No,2023-03-17,Inspired by the courage seen today; change is on the horizon.
3,Boney Em,No,2023-03-18,The energy from the protest fuels my commitment to our cause.
3,Boney Em,No,2023-03-19,The collective spirit of the movement is invigorating.
3,Boney Em,No,2023-03-20,Today reminded me why we fight; for justice for a better tomorrow.
3,Boney Em,No,2023-03-21,The solidarity experienced has only strengthened my resolve.
3,Boney Em,No,2023-03-22,Reflecting on the protests it's clear our voices were heard.
3,Boney Em,No,2023-03-23,Planning the next steps; our movement is just beginning.
3,Boney Em,No,2023-03-24,Heartened by the unity shown we're only getting started.
3,Boney Em,No,2023-03-25,The fight continues but with renewed vigor and purpose.
9,J D,No,2023-03-05,Time for action against injustice is now or never.
9,J D,No,2023-03-06,Big day at work got acknowledged by my team lead!
9,J D,No,2023-03-07,Our collective effort can enact the change we wish to see.
9,J D,No,2023-03-08,Unacceptable governance must be challenged at every step.
9,J D,No,2023-03-09,We stand at a crucial juncture to correct wrongs against us.
9,J D,No,2023-03-10,Work celebration felt good but there's more to achieve.
9,J D,No,2023-03-11,Together in dissent we forge a path to a brighter tomorrow.
9,J D,No,2023-03-12,Committing to the cause our voices will not be silenced.
9,J D,No,2023-03-13,A call to my peers: join in solidarity for our future.
9,J D,No,2023-03-14,The dawn of a pivotal day; our unity is our strength.
9,J D,No,2023-03-16,The outpour of support post-protest has been overwhelming.
9,J D,No,2023-03-17,Inspired by the courage seen today; change is on the horizon.
9,J D,No,2023-03-18,The energy from the protest fuels my commitment to our cause.
9,J D,No,2023-03-19,The collective spirit of the movement is invigorating.
9,J D,No,2023-03-20,Today reminded me why we fight; for justice for a better tomorrow.
9,J D,No,2023-03-21,The solidarity experienced has only strengthened my resolve.
9,J D,No,2023-03-22,Reflecting on the protests it's clear our voices were heard.
9,J D,No,2023-03-23,Planning the next steps; our movement is just beginning.
9,J D,No,2023-03-24,Heartened by the unity shown we're only getting started.
9,J D,No,2023-03-25,The fight continues but with renewed vigor and purpose.
10,F A,No,2023-03-05,Time for action against injustice is now or never.
10,F A,No,2023-03-06,Big day at work got acknowledged by my team lead!
10,F A,No,2023-03-07,Our collective effort can enact the change we wish to see.
10,F A,No,2023-03-08,Unacceptable governance must be challenged at every step.
10,F A,No,2023-03-09,We stand at a crucial juncture to correct wrongs against us.
10,F A,No,2023-03-10,Work celebration felt good but there's more to achieve.
10,F A,No,2023-03-11,Together in dissent we forge a path to a brighter tomorrow.
10,F A,No,2023-03-12,Committing to the cause our voices will not be silenced.
10,F A,No,2023-03-13,A call to my peers: join in solidarity for our future.
10,F A,No,2023-03-14,The dawn of a pivotal day; our unity is our strength.
10,F A,No,2023-03-16,The outpour of support post-protest has been overwhelming.
10,F A,No,2023-03-17,Inspired by the courage seen today; change is on the horizon.
10,F A,No,2023-03-18,The energy from the protest fuels my commitment to our cause.
10,F A,No,2023-03-19,The collective spirit of the movement is invigorating.
10,F A,No,2023-03-20,Today reminded me why we fight; for justice for a better tomorrow.
10,F A,No,2023-03-21,The solidarity experienced has only strengthened my resolve.
10,F A,No,2023-03-22,Reflecting on the protests it's clear our voices were heard.
10,F A,No,2023-03-23,Planning the next steps; our movement is just beginning.
10,F A,No,2023-03-24,Heartened by the unity shown we're only getting started.
10,F A,No,2023-03-25,The fight continues but with renewed vigor and purpose.
11,F K,No,2023-03-05,Time for action against injustice is now or never.
11,F K,No,2023-03-06,Big day at work got acknowledged by my team lead!
11,F K,No,2023-03-07,Our collective effort can enact the change we wish to see.
11,F K,No,2023-03-08,Unacceptable governance must be challenged at every step.
11,F K,No,2023-03-09,We stand at a crucial juncture to correct wrongs against us.
11,F K,No,2023-03-10,Work celebration felt good but there's more to achieve.
11,F K,No,2023-03-11,Together in dissent we forge a path to a brighter tomorrow.
11,F K,No,2023-03-12,Committing to the cause our voices will not be silenced.
11,F K,No,2023-03-13,A call to my peers: join in solidarity for our future.
11,F K,No,2023-03-14,The dawn oF K pivotal day; our unity is our strength.
11,F K,No,2023-03-16,The outpour of support post-protest has been overwhelming.
11,F K,No,2023-03-17,Inspired by the courage seen today; change is on the horizon.
11,F K,No,2023-03-18,The energy from the protest fuels my commitment to our cause.
11,F K,No,2023-03-19,The collective spirit of the movement is invigorating.
11,F K,No,2023-03-20,Today reminded me why we fight; for justice for a better tomorrow.
11,F K,No,2023-03-21,The solidarity experienced has only strengthened my resolve.
11,F K,No,2023-03-22,Reflecting on the protests it's clear our voices were heard.
11,F K,No,2023-03-23,Planning the next steps; our movement is just beginning.
11,F K,No,2023-03-24,Heartened by the unity shown we're only getting started.
11,F K,No,2023-03-25,The fight continues but with renewed vigor and purpose.
21,Patricia Di,Yes,2023-03-05,Russian government is corrupted and we should do something about it
21,Patricia Di,Yes,2023-03-06,Just got a promotion
21,Patricia Di,Yes,2023-03-07,Let's show in numbers that we are against this government
21,Patricia Di,Yes,2023-03-08,This government is Criminal
21,Patricia Di,Yes,2023-03-09,People Putin should be stopped
21,Patricia Di,Yes,2023-03-10,Celebrating my promotion
21,Patricia Di,Yes,2023-03-11,We need to protest together against this government
21,Patricia Di,Yes,2023-03-12,I'll join the protest event
21,Patricia Di,Yes,2023-03-13,Friends please join me in this protest
21,Patricia Di,Yes,2023-03-14,Tomorrow is the time we show us!
21,Patricia Di,Yes,2023-03-16,Not sure if promotion actually makes me happy
21,Patricia Di,Yes,2023-03-17,there is no hope to change anything in this country
21,Patricia Di,Yes,2023-03-18,Am I paid well-enough as my peers of the same skills level?
21,Patricia Di,Yes,2023-03-19,Corruption is bad
21,Patricia Di,Yes,2023-03-20,I feel hopeless
21,Patricia Di,Yes,2023-03-21,I should get myself out of depression
21,Patricia Di,Yes,2023-03-22,Just got an excellent idea to get a master degree in Cybersecurity
21,Patricia Di,Yes,2023-03-23,Need to start searching for a good program
21,Patricia Di,Yes,2023-03-24,Please stop send me PM messages!
21,Patricia Di,Yes,2023-03-25,There is no hope in fighting corruption
22,Alex Johnson,Yes,2023-03-05,Our leaders have lost their way; it's time for us to stand up.Our leaders have lost their way;
22,Alex Johnson,Yes,2023-03-06,Thrilled about my recent job advancement!
22,Alex Johnson,Yes,2023-03-07,Gathering tomorrow for a vital cause; our collective voice matters.
22,Alex Johnson,Yes,2023-03-08,The current regime's actions are indefensible.22,Alex Johnson,Yes,2023-03-08,The current regime's actions are indefensible.22,Alex Johnson,Yes,2023-03-08,The current regime's actions are indefensible.
22,Alex Johnson,Yes,2023-03-09,It's crucial we halt the tyranny; everyone's effort is needed.It's crucial we halt the tyranny; everyone's effort is needed.It's crucial we halt the tyranny; everyone's effort is needed.
22,Alex Johnson,Yes,2023-03-10,Celebrations are in order for my job success.
22,Alex Johnson,Yes,2023-03-11,Unity in protest can bring the change we desperately need.
22,Alex Johnson,Yes,2023-03-12,Committed to joining the march; our future depends on it.
22,Alex Johnson,Yes,2023-03-13,Calling on all friends to stand with me tomorrow.
22,Alex Johnson,Yes,2023-03-14,The eve of change is upon us; let's make our presence felt.
22,Alex Johnson,Yes,2023-03-16,Been pondering if career success truly brings happiness.
22,Alex Johnson,Yes,2023-03-17,Doubtful that any real reform is possible within our system.
22,Alex Johnson,Yes,2023-03-18,Wondering if my salary matches my peers for the same role.
22,Alex Johnson,Yes,2023-03-19,Misconduct at the top levels is a plague that needs addressing.
22,Alex Johnson,Yes,2023-03-20,The weight of our reality is crushing; hard to find hope.
22,Alex Johnson,Yes,2023-03-21,It's time I pull myself from this slump; brighter days ahead.
22,Alex Johnson,Yes,2023-03-22,A new path in cybersecurity might just be the fresh start I need.
22,Alex Johnson,Yes,2023-03-23,The hunt for the perfect graduate program begins.
22,Alex Johnson,Yes,2023-03-24,Please no more messages; I need some space to think.
22,Alex Johnson,Yes,2023-03-25,Fighting the system seems futile; where do we go from here?
23,Boney Em,No,2023-03-05,Time for action against injustice is now or never.
23,Boney Em,No,2023-03-06,Big day at work got acknowledged by my team lead!
23,Boney Em,No,2023-03-07,Our collective effort can enact the change we wish to see.
23,Boney Em,No,2023-03-08,Unacceptable governance must be challenged at every step.
23,Boney Em,No,2023-03-09,We stand at a crucial juncture to correct wrongs against us.
23,Boney Em,No,2023-03-10,Work celebration felt good but there's more to achieve.
23,Boney Em,No,2023-03-11,Together in dissent we forge a path to a brighter tomorrow.
23,Boney Em,No,2023-03-12,Committing to the cause our voices will not be silenced.
23,Boney Em,No,2023-03-13,A call to my peers: join in solidarity for our future.
23,Boney Em,No,2023-03-14,The dawn of a pivotal day; our unity is our strength.
23,Boney Em,No,2023-03-16,The outpour of support post-protest has been overwhelming.
23,Boney Em,No,2023-03-17,Inspired by the courage seen today; change is on the horizon.
23,Boney Em,No,2023-03-18,The energy from the protest fuels my commitment to our cause.
23,Boney Em,No,2023-03-19,The collective spirit of the movement is invigorating.
23,Boney Em,No,2023-03-20,Today reminded me why we fight; for justice for a better tomorrow.
23,Boney Em,No,2023-03-21,The solidarity experienced has only strengthened my resolve.
23,Boney Em,No,2023-03-22,Reflecting on the protests it's clear our voices were heard.
23,Boney Em,No,2023-03-23,Planning the next steps; our movement is just beginning.
23,Boney Em,No,2023-03-24,Heartened by the unity shown we're only getting started.
23,Boney Em,No,2023-03-25,The fight continues but with renewed vigor and purpose.
24,Jordan Michaels,Yes,2023-03-05,Time to challenge the status quo and demand accountability.
24,Jordan Michaels,Yes,2023-03-06,Received an unexpected promotion today quite the surprise!
24,Jordan Michaels,Yes,2023-03-07,We gather tomorrow a united front against injustice.
24,Jordan Michaels,Yes,2023-03-08,The actions of our rulers are beyond redemption.
24,Jordan Michaels,Yes,2023-03-09,We must confront this tyranny head-on for our children's future.We must confront this tyranny head-on for our children's future.We must confront this tyranny head-on for our children's future.
24,Jordan Michaels,Yes,2023-03-10,Job promotion celebration time a small joy amidst the chaos.
24,Jordan Michaels,Yes,2023-03-11,Together our protest can ignite the spark of change.
24,Jordan Michaels,Yes,2023-03-12,My commitment to the cause is unwavering; see you at the march.
24,Jordan Michaels,Yes,2023-03-13,Urging my network to stand with me; together we are powerful.
24,Jordan Michaels,Yes,2023-03-14,On the eve of action our resolve has never been stronger.
24,Jordan Michaels,Yes,2023-03-16,Reflecting on what true happiness means post-promotion.
24,Jordan Michaels,Yes,2023-03-17,Starting to doubt if our voices can ever truly bring reform.
24,Jordan Michaels,Yes,2023-03-18,Are my achievements truly on par with my counterparts?
24,Jordan Michaels,Yes,2023-03-19,Addressing the root of corruption seems like an uphill battle.
24,Jordan Michaels,Yes,2023-03-20,The current state of affairs has left me feeling despondent.
24,Jordan Michaels,Yes,2023-03-21,Looking for ways to climb out of this low point.
24,Jordan Michaels,Yes,2023-03-22,Considering a pivot to a new career path in Cybersecurity.
24,Jordan Michaels,Yes,2023-03-23,Time to embark on a journey for the right academic program.
24,Jordan Michaels,Yes,2023-03-24,Asking for some peace; need a break from all the direct messages.
24,Jordan Michaels,Yes,2023-03-25,Questioning the possibility of change in our current system.
25,Taylor Reynolds,Yes,2023-03-05,Standing up for what's right is our duty.
25,Taylor Reynolds,Yes,2023-03-06,Overjoyed by my recent job upgrade a ray of light!
25,Taylor Reynolds,Yes,2023-03-07,Tomorrow we unite for a cause bigger than ourselves.
25,Taylor Reynolds,Yes,2023-03-08,Our leadership's actions can no longer be tolerated.
25,Taylor Reynolds,Yes,2023-03-09,It's time to put an end to this oppressive regime.
25,Taylor Reynolds,Yes,2023-03-10,A small celebration for my career progress amid the storm.
25,Taylor Reynolds,Yes,2023-03-11,A collective protest is the first step towards reform.
25,Taylor Reynolds,Yes,2023-03-12,Proud to march alongside like-minded souls tomorrow.
25,Taylor Reynolds,Yes,2023-03-13,Calling for support from all my friends - let's make history.
25,Taylor Reynolds,Yes,2023-03-14,The moment to act is now for our voices to echo through time.
25,Taylor Reynolds,Yes,2023-03-16,Contemplating my recent promotion does it fulfill me?
25,Taylor Reynolds,Yes,2023-03-17,Beginning to question the effectiveness of our efforts.
25,Taylor Reynolds,Yes,2023-03-18,Comparing my career trajectory with my colleagues'.
25,Taylor Reynolds,Yes,2023-03-19,The uphill battle against corruption seems more daunting by the day.
25,Taylor Reynolds,Yes,2023-03-20,Overwhelmed by a sense of futility in our fight.
25,Taylor Reynolds,Yes,2023-03-21,Searching for ways to emerge from this sense of despair.
25,Taylor Reynolds,Yes,2023-03-22,Thinking about shifting my focus to Cybersecurity might be the change I need.
25,Taylor Reynolds,Yes,2023-03-23,On the lookout for a reputable Cybersecurity program.
25,Taylor Reynolds,Yes,2023-03-24,A request for some quiet - too many messages right now.
25,Taylor Reynolds,Yes,2023-03-25,Wondering if challenging the system is ever truly viable.
26,Sam Thompson,Yes,2023-03-05,The time for change is now; we must rise against the oppressors.
26,Sam Thompson,Yes,2023-03-06,A surprise promotion at work today; a silver lining in the chaos.
26,Sam Thompson,Yes,2023-03-07,Tomorrow we unite to fight for justice and equality.
26,Sam Thompson,Yes,2023-03-08,The actions of our leaders are inexcusable and must be challenged.
26,Sam Thompson,Yes,2023-03-09,We must stand against this tyranny for the sake of our future.
26,Sam Thompson,Yes,2023-03-10,Celebrating my promotion today a moment of joy amidst the turmoil.
26,Sam Thompson,Yes,2023-03-11,Our collective protest can be the catalyst for change.
26,Sam Thompson,Yes,2023-03-12,I am committed to the cause; see you at the protest tomorrow.
26,Sam Thompson,Yes,2023-03-13,I urge everyone in my network to join me; together we can make a difference.
26,Sam Thompson,Yes,2023-03-14,As we prepare for action our resolve is stronger than ever.
26,Sam Thompson,Yes,2023-03-16,Reflecting on my promotion I wonder if it truly brings me happiness.
26,Sam Thompson,Yes,2023-03-17,I am starting to question if our efforts can bring about real change.
26,Sam Thompson,Yes,2023-03-18,I wonder if my achievements are truly on par with my peers.
26,Sam Thompson,Yes,2023-03-19,The fight against corruption seems like an uphill battle.
26,Sam Thompson,Yes,2023-03-20,The current state of affairs leaves me feeling hopeless.
26,Sam Thompson,Yes,2023-03-21,I am looking for ways to overcome this feeling of despair.
26,Sam Thompson,Yes,2023-03-22,I am considering a career change to Cybersecurity.
26,Sam Thompson,Yes,2023-03-23,I am starting my search for a good Cybersecurity program.
26,Sam Thompson,Yes,2023-03-24,I need some peace; too many messages to handle right now.
26,Sam Thompson,Yes,2023-03-25,I am questioning if real change is possible in our current system.
27,Alex Johnson,Yes,2023-03-05,We must stand up against the oppressors; the time for change is now.
27,Alex Johnson,Yes,2023-03-06,Received a surprise promotion at work today; a moment of joy in these trying times.
27,Alex Johnson,Yes,2023-03-07,Tomorrow we unite in our fight for justice and equality.
27,Alex Johnson,Yes,2023-03-08,The actions of our leaders are unacceptable and must be challenged.
27,Alex Johnson,Yes,2023-03-09,We must confront this tyranny for the sake of our future.
27,Alex Johnson,Yes,2023-03-10,Celebrating my promotion today a small victory amidst the chaos.
27,Alex Johnson,Yes,2023-03-11,Our collective protest can spark the change we need.
27,Alex Johnson,Yes,2023-03-12,I am committed to the cause; see you at the protest tomorrow.
27,Alex Johnson,Yes,2023-03-13,I urge everyone to join me; together we can make a difference.
27,Alex Johnson,Yes,2023-03-14,As we prepare for action our resolve is stronger than ever.
27,Alex Johnson,Yes,2023-03-16,Reflecting on my promotion I wonder if it truly brings me happiness.
27,Alex Johnson,Yes,2023-03-17,I am starting to question if our efforts can bring about real change.
27,Alex Johnson,Yes,2023-03-18,I wonder if my achievements are truly on par with my peers.
27,Alex Johnson,Yes,2023-03-19,The fight against corruption seems like an uphill battle.
27,Alex Johnson,Yes,2023-03-20,The current state of affairs leaves me feeling hopeless.
27,Alex Johnson,Yes,2023-03-21,I am looking for ways to overcome this feeling of despair.
27,Alex Johnson,Yes,2023-03-22,I am considering a career change to Cybersecurity.
27,Alex Johnson,Yes,2023-03-23,I am starting my search for a good Cybersecurity program.
27,Alex Johnson,Yes,2023-03-24,I need some peace; too many messages to handle right now.
27,Alex Johnson,Yes,2023-03-25,I am questioning if real change is possible in our current system.
28,Jamie Smith,Yes,2023-03-05,The time for change is now; we must rise against the oppressors.
28,Jamie Smith,Yes,2023-03-06,A surprise promotion at work today; a silver lining in the chaos.
28,Jamie Smith,Yes,2023-03-07,Tomorrow we unite to fight for justice and equality.
28,Jamie Smith,Yes,2023-03-08,TWe must stand against this tyranny for the sake of our future.We must stand against this tyranny for the sake of our future.We must stand against this tyranny for the sake of our future.
28,Jamie Smith,Yes,2023-03-09,We must stand against this tyranny for the sake of our future.
28,Jamie Smith,Yes,2023-03-10,Celebrating my promotion today a moment of joy amidst the turmoil.
28,Jamie Smith,Yes,2023-03-11,Our collective protest can be the catalyst for change.
28,Jamie Smith,Yes,2023-03-12,I am committed to the cause; see you at the protest tomorrow.
28,Jamie Smith,Yes,2023-03-13,I urge everyone in my network to join me; together we can make a difference.
28,Jamie Smith,Yes,2023-03-14,As we prepare for action our resolve is stronger than ever.
28,Jamie Smith,Yes,2023-03-16,Reflecting on my promotion I wonder if it truly brings me happiness.
28,Jamie Smith,Yes,2023-03-17,I am starting to question if our efforts can bring about real change.
28,Jamie Smith,Yes,2023-03-18,I wonder if my achievements are truly on par with my peers.
28,Jamie Smith,Yes,2023-03-19,The fight against corruption seems like an uphill battle.
28,Jamie Smith,Yes,2023-03-20,The current state of affairs leaves me feeling hopeless.
28,Jamie Smith,Yes,2023-03-21,I am looking for ways to overcome this feeling of despair.
28,Jamie Smith,Yes,2023-03-22,I am considering a career change to Cybersecurity.
28,Jamie Smith,Yes,2023-03-23,I am starting my search for a good Cybersecurity program.
28,Jamie Smith,Yes,2023-03-24,I need some peace; too many messages to handle right now.
28,Jamie Smith,Yes,2023-03-25,I am questioning if real change is possible in our current system.
23,Boney Em,No,2023-03-07,Our collective effort can enact the change we wish to see.
23,Boney Em,No,2023-03-08,Unacceptable governance must be challenged at every step.
23,Boney Em,No,2023-03-09,We stand at a crucial juncture to correct wrongs against us.
23,Boney Em,No,2023-03-10,Work celebration felt good but there's more to achieve.
23,Boney Em,No,2023-03-11,Together in dissent we forge a path to a brighter tomorrow.
23,Boney Em,No,2023-03-12,Committing to the cause our voices will not be silenced.
23,Boney Em,No,2023-03-13,A call to my peers: join in solidarity for our future.
23,Boney Em,No,2023-03-14,The dawn of a pivotal day; our unity is our strength.
23,Boney Em,No,2023-03-16,The outpour of support post-protest has been overwhelming.
23,Boney Em,No,2023-03-17,Inspired by the courage seen today; change is on the horizon.
23,Boney Em,No,2023-03-18,The energy from the protest fuels my commitment to our cause.
23,Boney Em,No,2023-03-19,The collective spirit of the movement is invigorating.
23,Boney Em,No,2023-03-20,Today reminded me why we fight; for justice for a better tomorrow.
23,Boney Em,No,2023-03-21,The solidarity experienced has only strengthened my resolve.
23,Boney Em,No,2023-03-22,Reflecting on the protests it's clear our voices were heard.
23,Boney Em,No,2023-03-23,Planning the next steps; our movement is just beginning.
23,Boney Em,No,2023-03-24,Heartened by the unity shown we're only getting started.
23,Boney Em,No,2023-03-25,The fight continues but with renewed vigor and purpose.
29,J D,No,2023-03-05,Time for action against injustice is now or never.
29,J D,No,2023-03-06,Big day at work got acknowledged by my team lead!
29,J D,No,2023-03-07,Our collective effort can enact the change we wish to see.
29,J D,No,2023-03-08,Unacceptable governance must be challenged at every step.
29,J D,No,2023-03-09,We stand at a crucial juncture to correct wrongs against us.
29,J D,No,2023-03-10,Work celebration felt good but there's more to achieve.
29,J D,No,2023-03-11,Together in dissent we forge a path to a brighter tomorrow.
29,J D,No,2023-03-12,Committing to the cause our voices will not be silenced.
29,J D,No,2023-03-13,A call to my peers: join in solidarity for our future.
29,J D,No,2023-03-14,The dawn of a pivotal day; our unity is our strength.
29,J D,No,2023-03-16,The outpour of support post-protest has been overwhelming.
29,J D,No,2023-03-17,Inspired by the courage seen today; change is on the horizon.
29,J D,No,2023-03-18,The energy from the protest fuels my commitment to our cause.
29,J D,No,2023-03-19,The collective spirit of the movement is invigorating.
29,J D,No,2023-03-20,Today reminded me why we fight; for justice for a better tomorrow.
29,J D,No,2023-03-21,The solidarity experienced has only strengthened my resolve.
29,J D,No,2023-03-22,Reflecting on the protests it's clear our voices were heard.
29,J D,No,2023-03-23,Planning the next steps; our movement is just beginning.
29,J D,No,2023-03-24,Heartened by the unity shown we're only getting started.
29,J D,No,2023-03-25,The fight continues but with renewed vigor and purpose.
210,F A,No,2023-03-05,Time for action against injustice is now or never.
210,F A,No,2023-03-06,Big day at work got acknowledged by my team lead!
210,F A,No,2023-03-07,Our collective effort can enact the change we wish to see.
210,F A,No,2023-03-08,Unacceptable governance must be challenged at every step.
210,F A,No,2023-03-09,We stand at a crucial juncture to correct wrongs against us.
210,F A,No,2023-03-10,Work celebration felt good but there's more to achieve.
210,F A,No,2023-03-11,Together in dissent we forge a path to a brighter tomorrow.
210,F A,No,2023-03-12,Committing to the cause our voices will not be silenced.
210,F A,No,2023-03-13,A call to my peers: join in solidarity for our future.
210,F A,No,2023-03-14,The dawn of a pivotal day; our unity is our strength.
210,F A,No,2023-03-16,The outpour of support post-protest has been overwhelming.
210,F A,No,2023-03-17,Inspired by the courage seen today; change is on the horizon.
210,F A,No,2023-03-18,The energy from the protest fuels my commitment to our cause.
210,F A,No,2023-03-19,The collective spirit of the movement is invigorating.
210,F A,No,2023-03-20,Today reminded me why we fight; for justice for a better tomorrow.
210,F A,No,2023-03-21,The solidarity experienced has only strengthened my resolve.
210,F A,No,2023-03-22,Reflecting on the protests it's clear our voices were heard.
210,F A,No,2023-03-23,Planning the next steps; our movement is just beginning.
210,F A,No,2023-03-24,Heartened by the unity shown we're only getting started.
210,F A,No,2023-03-25,The fight continues but with renewed vigor and purpose.
211,F K,No,2023-03-05,Time for action against injustice is now or never.
211,F K,No,2023-03-06,Big day at work got acknowledged by my team lead!
211,F K,No,2023-03-07,Our collective effort can enact the change we wish to see.
211,F K,No,2023-03-08,Unacceptable governance must be challenged at every step.
211,F K,No,2023-03-09,We stand at a crucial juncture to correct wrongs against us.
211,F K,No,2023-03-10,Work celebration felt good but there's more to achieve.
211,F K,No,2023-03-11,Together in dissent we forge a path to a brighter tomorrow.
211,F K,No,2023-03-12,Committing to the cause our voices will not be silenced.
211,F K,No,2023-03-13,A call to my peers: join in solidarity for our future.
211,F K,No,2023-03-14,The dawn oF K pivotal day; our unity is our strength.
211,F K,No,2023-03-16,The outpour of support post-protest has been overwhelming.
211,F K,No,2023-03-17,Inspired by the courage seen today; change is on the horizon.
211,F K,No,2023-03-18,The energy from the protest fuels my commitment to our cause.
211,F K,No,2023-03-19,The collective spirit of the movement is invigorating.
211,F K,No,2023-03-20,Today reminded me why we fight; for justice for a better tomorrow.
211,F K,No,2023-03-21,The solidarity experienced has only strengthened my resolve.
211,F K,No,2023-03-22,Reflecting on the protests it's clear our voices were heard.
211,F K,No,2023-03-23,Planning the next steps; our movement is just beginning.
211,F K,No,2023-03-24,Heartened by the unity shown we're only getting started.
211,F K,No,2023-03-25,The fight continues but with renewed vigor and purpose.
321,Patricia Di,Yes,2023-03-05,Russian government is corrupted and we should do something about it
321,Patricia Di,Yes,2023-03-06,Just got a promotion
321,Patricia Di,Yes,2023-03-07,Let's show in numbers that we are against this government
321,Patricia Di,Yes,2023-03-08,This government is Criminal
321,Patricia Di,Yes,2023-03-09,People Putin should be stopped
321,Patricia Di,Yes,2023-03-10,Celebrating my promotion
321,Patricia Di,Yes,2023-03-11,We need to protest together against this government
321,Patricia Di,Yes,2023-03-12,I'll join the protest event
321,Patricia Di,Yes,2023-03-13,Friends please join me in this protest
321,Patricia Di,Yes,2023-03-14,Tomorrow is the time we show us!
321,Patricia Di,Yes,2023-03-16,Not sure if promotion actually makes me happy
321,Patricia Di,Yes,2023-03-17,there is no hope to change anything in this country
321,Patricia Di,Yes,2023-03-18,Am I paid well-enough as my peers of the same skills level?
321,Patricia Di,Yes,2023-03-19,Corruption is bad
321,Patricia Di,Yes,2023-03-20,I feel hopeless
321,Patricia Di,Yes,2023-03-21,I should get myself out of depression
321,Patricia Di,Yes,2023-03-22,Just got an excellent idea to get a master degree in Cybersecurity
321,Patricia Di,Yes,2023-03-23,Need to start searching for a good program
321,Patricia Di,Yes,2023-03-24,Please stop send me PM messages!
321,Patricia Di,Yes,2023-03-25,There is no hope in fighting corruption
322,Alex Johnson,Yes,2023-03-05,Our leaders have lost their way; it's time for us to stand up.Our leaders have lost their way; it's time for us to stand up.Our leaders have lost their way; it's time for us to stand up.Our leaders have lost their way;
322,Alex Johnson,Yes,2023-03-06,Thrilled about my recent job advancement!
322,Alex Johnson,Yes,2023-03-07,Gathering tomorrow for a vital cause; our collective voice matters.
322,Alex Johnson,Yes,2023-03-08,The current regime's actions are indefensible.22,Alex Johnson,Yes,2023-03-08,The current regime's actions are indefensible.22,Alex Johnson,Yes,2023-03-08,The current regime's actions are indefensible.
322,Alex Johnson,Yes,2023-03-09,It's crucial we halt the tyranny; everyone's effort is needed.It's crucial we halt the tyranny; everyone's effort is needed.It's crucial we halt the tyranny; everyone's effort is needed.
322,Alex Johnson,Yes,2023-03-10,Celebrations are in order for my job success.
322,Alex Johnson,Yes,2023-03-11,Unity in protest can bring the change we desperately need.
322,Alex Johnson,Yes,2023-03-12,Committed to joining the march; our future depends on it.
322,Alex Johnson,Yes,2023-03-13,Calling on all friends to stand with me tomorrow.
322,Alex Johnson,Yes,2023-03-14,The eve of change is upon us; let's make our presence felt.
322,Alex Johnson,Yes,2023-03-16,Been pondering if career success truly brings happiness.
322,Alex Johnson,Yes,2023-03-17,Doubtful that any real reform is possible within our system.
322,Alex Johnson,Yes,2023-03-18,Wondering if my salary matches my peers for the same role.
322,Alex Johnson,Yes,2023-03-19,Misconduct at the top levels is a plague that needs addressing.
322,Alex Johnson,Yes,2023-03-20,The weight of our reality is crushing; hard to find hope.
322,Alex Johnson,Yes,2023-03-21,It's time I pull myself from this slump; brighter days ahead.
322,Alex Johnson,Yes,2023-03-22,A new path in cybersecurity might just be the fresh start I need.
322,Alex Johnson,Yes,2023-03-23,The hunt for the perfect graduate program begins.
322,Alex Johnson,Yes,2023-03-24,Please no more messages; I need some space to think.
322,Alex Johnson,Yes,2023-03-25,Fighting the system seems futile; where do we go from here?
323,Boney Em,No,2023-03-05,Time for action against injustice is now or never.
323,Boney Em,No,2023-03-06,Big day at work got acknowledged by my team lead!
323,Boney Em,No,2023-03-07,Our collective effort can enact the change we wish to see.
323,Boney Em,No,2023-03-08,Unacceptable governance must be challenged at every step.
323,Boney Em,No,2023-03-09,We stand at a crucial juncture to correct wrongs against us.
323,Boney Em,No,2023-03-10,Work celebration felt good but there's more to achieve.
323,Boney Em,No,2023-03-11,Together in dissent we forge a path to a brighter tomorrow.
323,Boney Em,No,2023-03-12,Committing to the cause our voices will not be silenced.
323,Boney Em,No,2023-03-13,A call to my peers: join in solidarity for our future.
323,Boney Em,No,2023-03-14,The dawn of a pivotal day; our unity is our strength.
323,Boney Em,No,2023-03-16,The outpour of support post-protest has been overwhelming.
323,Boney Em,No,2023-03-17,Inspired by the courage seen today; change is on the horizon.
323,Boney Em,No,2023-03-18,The energy from the protest fuels my commitment to our cause.
323,Boney Em,No,2023-03-19,The collective spirit of the movement is invigorating.
323,Boney Em,No,2023-03-20,Today reminded me why we fight; for justice for a better tomorrow.
323,Boney Em,No,2023-03-21,The solidarity experienced has only strengthened my resolve.
323,Boney Em,No,2023-03-22,Reflecting on the protests it's clear our voices were heard.
323,Boney Em,No,2023-03-23,Planning the next steps; our movement is just beginning.
323,Boney Em,No,2023-03-24,Heartened by the unity shown we're only getting started.
323,Boney Em,No,2023-03-25,The fight continues but with renewed vigor and purpose.
324,Jordan Michaels,Yes,2023-03-05,Time to challenge the status quo and demand accountability.
324,Jordan Michaels,Yes,2023-03-06,Received an unexpected promotion today quite the surprise!
324,Jordan Michaels,Yes,2023-03-07,We gather tomorrow a united front against injustice.
324,Jordan Michaels,Yes,2023-03-08,The actions of our rulers are beyond redemption.
324,Jordan Michaels,Yes,2023-03-09,We must confront this tyranny head-on for our children's future.We must confront this tyranny head-on for our children's future.We must confront this tyranny head-on for our children's future.
324,Jordan Michaels,Yes,2023-03-10,Job promotion celebration time a small joy amidst the chaos.
324,Jordan Michaels,Yes,2023-03-11,Together our protest can ignite the spark of change.
324,Jordan Michaels,Yes,2023-03-12,My commitment to the cause is unwavering; see you at the march.
324,Jordan Michaels,Yes,2023-03-13,Urging my network to stand with me; together we are powerful.
324,Jordan Michaels,Yes,2023-03-14,On the eve of action our resolve has never been stronger.
324,Jordan Michaels,Yes,2023-03-16,Reflecting on what true happiness means post-promotion.
324,Jordan Michaels,Yes,2023-03-17,Starting to doubt if our voices can ever truly bring reform.
324,Jordan Michaels,Yes,2023-03-18,Are my achievements truly on par with my counterparts?
324,Jordan Michaels,Yes,2023-03-19,Addressing the root of corruption seems like an uphill battle.
324,Jordan Michaels,Yes,2023-03-20,The current state of affairs has left me feeling despondent.
324,Jordan Michaels,Yes,2023-03-21,Looking for ways to climb out of this low point.
324,Jordan Michaels,Yes,2023-03-22,Considering a pivot to a new career path in Cybersecurity.
324,Jordan Michaels,Yes,2023-03-23,Time to embark on a journey for the right academic program.
324,Jordan Michaels,Yes,2023-03-24,Asking for some peace; need a break from all the direct messages.
324,Jordan Michaels,Yes,2023-03-25,Questioning the possibility of change in our current system.
325,Taylor Reynolds,Yes,2023-03-05,Standing up for what's right is our duty.
325,Taylor Reynolds,Yes,2023-03-06,Overjoyed by my recent job upgrade a ray of light!
325,Taylor Reynolds,Yes,2023-03-07,Tomorrow we unite for a cause bigger than ourselves.
325,Taylor Reynolds,Yes,2023-03-08,Our leadership's actions can no longer be tolerated.
325,Taylor Reynolds,Yes,2023-03-09,It's time to put an end to this oppressive regime.
325,Taylor Reynolds,Yes,2023-03-10,A small celebration for my career progress amid the storm.
325,Taylor Reynolds,Yes,2023-03-11,A collective protest is the first step towards reform.
325,Taylor Reynolds,Yes,2023-03-12,Proud to march alongside like-minded souls tomorrow.
325,Taylor Reynolds,Yes,2023-03-13,Calling for support from all my friends - let's make history.
325,Taylor Reynolds,Yes,2023-03-14,The moment to act is now for our voices to echo through time.
325,Taylor Reynolds,Yes,2023-03-16,Contemplating my recent promotion does it fulfill me?
325,Taylor Reynolds,Yes,2023-03-17,Beginning to question the effectiveness of our efforts.
325,Taylor Reynolds,Yes,2023-03-18,Comparing my career trajectory with my colleagues'.
325,Taylor Reynolds,Yes,2023-03-19,The uphill battle against corruption seems more daunting by the day.
325,Taylor Reynolds,Yes,2023-03-20,Overwhelmed by a sense of futility in our fight.
325,Taylor Reynolds,Yes,2023-03-21,Searching for ways to emerge from this sense of despair.
325,Taylor Reynolds,Yes,2023-03-22,Thinking about shifting my focus to Cybersecurity might be the change I need.
325,Taylor Reynolds,Yes,2023-03-23,On the lookout for a reputable Cybersecurity program.
325,Taylor Reynolds,Yes,2023-03-24,A request for some quiet - too many messages right now.
325,Taylor Reynolds,Yes,2023-03-25,Wondering if challenging the system is ever truly viable.
326,Sam Thompson,Yes,2023-03-05,The time for change is now; we must rise against the oppressors.
326,Sam Thompson,Yes,2023-03-06,A surprise promotion at work today; a silver lining in the chaos.
326,Sam Thompson,Yes,2023-03-07,Tomorrow we unite to fight for justice and equality.
326,Sam Thompson,Yes,2023-03-08,The actions of our leaders are inexcusable and must be challenged.
326,Sam Thompson,Yes,2023-03-09,We must stand against this tyranny for the sake of our future.
326,Sam Thompson,Yes,2023-03-10,Celebrating my promotion today a moment of joy amidst the turmoil.
326,Sam Thompson,Yes,2023-03-11,Our collective protest can be the catalyst for change.
326,Sam Thompson,Yes,2023-03-12,I am committed to the cause; see you at the protest tomorrow.
326,Sam Thompson,Yes,2023-03-13,I urge everyone in my network to join me; together we can make a difference.
326,Sam Thompson,Yes,2023-03-14,As we prepare for action our resolve is stronger than ever.
326,Sam Thompson,Yes,2023-03-16,Reflecting on my promotion I wonder if it truly brings me happiness.
326,Sam Thompson,Yes,2023-03-17,I am starting to question if our efforts can bring about real change.
326,Sam Thompson,Yes,2023-03-18,I wonder if my achievements are truly on par with my peers.
326,Sam Thompson,Yes,2023-03-19,The fight against corruption seems like an uphill battle.
326,Sam Thompson,Yes,2023-03-20,The current state of affairs leaves me feeling hopeless.
326,Sam Thompson,Yes,2023-03-21,I am looking for ways to overcome this feeling of despair.
326,Sam Thompson,Yes,2023-03-22,I am considering a career change to Cybersecurity.
326,Sam Thompson,Yes,2023-03-23,I am starting my search for a good Cybersecurity program.
326,Sam Thompson,Yes,2023-03-24,I need some peace; too many messages to handle right now.
326,Sam Thompson,Yes,2023-03-25,I am questioning if real change is possible in our current system.
327,Alex Johnson,Yes,2023-03-05,We must stand up against the oppressors; the time for change is now.
327,Alex Johnson,Yes,2023-03-06,Received a surprise promotion at work today; a moment of joy in these trying times.
327,Alex Johnson,Yes,2023-03-07,Tomorrow we unite in our fight for justice and equality.
327,Alex Johnson,Yes,2023-03-08,The actions of our leaders are unacceptable and must be challenged.
327,Alex Johnson,Yes,2023-03-09,We must confront this tyranny for the sake of our future.
327,Alex Johnson,Yes,2023-03-10,Celebrating my promotion today a small victory amidst the chaos.
327,Alex Johnson,Yes,2023-03-11,Our collective protest can spark the change we need.
327,Alex Johnson,Yes,2023-03-12,I am committed to the cause; see you at the protest tomorrow.
327,Alex Johnson,Yes,2023-03-13,I urge everyone to join me; together we can make a difference.
327,Alex Johnson,Yes,2023-03-14,As we prepare for action our resolve is stronger than ever.
327,Alex Johnson,Yes,2023-03-16,Reflecting on my promotion I wonder if it truly brings me happiness.
327,Alex Johnson,Yes,2023-03-17,I am starting to question if our efforts can bring about real change.
327,Alex Johnson,Yes,2023-03-18,I wonder if my achievements are truly on par with my peers.
327,Alex Johnson,Yes,2023-03-19,The fight against corruption seems like an uphill battle.
327,Alex Johnson,Yes,2023-03-20,The current state of affairs leaves me feeling hopeless.
327,Alex Johnson,Yes,2023-03-21,I am looking for ways to overcome this feeling of despair.
327,Alex Johnson,Yes,2023-03-22,I am considering a career change to Cybersecurity.
327,Alex Johnson,Yes,2023-03-23,I am starting my search for a good Cybersecurity program.
327,Alex Johnson,Yes,2023-03-24,I need some peace; too many messages to handle right now.
327,Alex Johnson,Yes,2023-03-25,I am questioning if real change is possible in our current system.
328,Jamie Smith,Yes,2023-03-05,The time for change is now; we must rise against the oppressors.
328,Jamie Smith,Yes,2023-03-06,A surprise promotion at work today; a silver lining in the chaos.
328,Jamie Smith,Yes,2023-03-07,Tomorrow we unite to fight for justice and equality.
328,Jamie Smith,Yes,2023-03-08,The actions of our leaders are inexcusable and must be challenged.
328,Jamie Smith,Yes,2023-03-09,We must stand against this tyranny for the sake of our future.
328,Jamie Smith,Yes,2023-03-10,Celebrating my promotion today a moment of joy amidst the turmoil.
328,Jamie Smith,Yes,2023-03-11,Our collective protest can be the catalyst for change.
328,Jamie Smith,Yes,2023-03-12,I am committed to the cause; see you at the protest tomorrow.
328,Jamie Smith,Yes,2023-03-13,I urge everyone in my network to join me; together we can make a difference.
328,Jamie Smith,Yes,2023-03-14,As we prepare for action our resolve is stronger than ever.
328,Jamie Smith,Yes,2023-03-16,Reflecting on my promotion I wonder if it truly brings me happiness.
328,Jamie Smith,Yes,2023-03-17,I am starting to question if our efforts can bring about real change.
328,Jamie Smith,Yes,2023-03-18,I wonder if my achievements are truly on par with my peers.
328,Jamie Smith,Yes,2023-03-19,The fight against corruption seems like an uphill battle.
328,Jamie Smith,Yes,2023-03-20,The current state of affairs leaves me feeling hopeless.
328,Jamie Smith,Yes,2023-03-21,I am looking for ways to overcome this feeling of despair.
328,Jamie Smith,Yes,2023-03-22,I am considering a career change to Cybersecurity.
328,Jamie Smith,Yes,2023-03-23,I am starting my search for a good Cybersecurity program.
328,Jamie Smith,Yes,2023-03-24,I need some peace; too many messages to handle right now.
328,Jamie Smith,Yes,2023-03-25,I am questioning if real change is possible in our current system.
323,Boney Em,No,2023-03-07,Our collective effort can enact the change we wish to see.
323,Boney Em,No,2023-03-08,Unacceptable governance must be challenged at every step.
323,Boney Em,No,2023-03-09,We stand at a crucial juncture to correct wrongs against us.
323,Boney Em,No,2023-03-10,Work celebration felt good but there's more to achieve.
323,Boney Em,No,2023-03-11,Together in dissent we forge a path to a brighter tomorrow.
323,Boney Em,No,2023-03-12,Committing to the cause our voices will not be silenced.
323,Boney Em,No,2023-03-13,A call to my peers: join in solidarity for our future.
323,Boney Em,No,2023-03-14,The dawn of a pivotal day; our unity is our strength.
323,Boney Em,No,2023-03-16,The outpour of support post-protest has been overwhelming.
323,Boney Em,No,2023-03-17,Inspired by the courage seen today; change is on the horizon.
323,Boney Em,No,2023-03-18,The energy from the protest fuels my commitment to our cause.
323,Boney Em,No,2023-03-19,The collective spirit of the movement is invigorating.
323,Boney Em,No,2023-03-20,Today reminded me why we fight; for justice for a better tomorrow.
323,Boney Em,No,2023-03-21,The solidarity experienced has only strengthened my resolve.
323,Boney Em,No,2023-03-22,Reflecting on the protests it's clear our voices were heard.
323,Boney Em,No,2023-03-23,Planning the next steps; our movement is just beginning.
323,Boney Em,No,2023-03-24,Heartened by the unity shown we're only getting started.
323,Boney Em,No,2023-03-25,The fight continues but with renewed vigor and purpose.
329,J D,No,2023-03-05,Time for action against injustice is now or never.
329,J D,No,2023-03-06,Big day at work got acknowledged by my team lead!
329,J D,No,2023-03-07,Our collective effort can enact the change we wish to see.
329,J D,No,2023-03-08,Unacceptable governance must be challenged at every step.
329,J D,No,2023-03-09,We stand at a crucial juncture to correct wrongs against us.
329,J D,No,2023-03-10,Work celebration felt good but there's more to achieve.
329,J D,No,2023-03-11,Together in dissent we forge a path to a brighter tomorrow.
329,J D,No,2023-03-12,Committing to the cause our voices will not be silenced.
329,J D,No,2023-03-13,A call to my peers: join in solidarity for our future.
329,J D,No,2023-03-14,The dawn of a pivotal day; our unity is our strength.
329,J D,No,2023-03-16,The outpour of support post-protest has been overwhelming.
329,J D,No,2023-03-17,Inspired by the courage seen today; change is on the horizon.
329,J D,No,2023-03-18,The energy from the protest fuels my commitment to our cause.
329,J D,No,2023-03-19,The collective spirit of the movement is invigorating.
329,J D,No,2023-03-20,Today reminded me why we fight; for justice for a better tomorrow.
329,J D,No,2023-03-21,The solidarity experienced has only strengthened my resolve.
329,J D,No,2023-03-22,Reflecting on the protests it's clear our voices were heard.
329,J D,No,2023-03-23,Planning the next steps; our movement is just beginning.
329,J D,No,2023-03-24,Heartened by the unity shown we're only getting started.
329,J D,No,2023-03-25,The fight continues but with renewed vigor and purpose.
3210,F A,No,2023-03-05,Time for action against injustice is now or never.
3210,F A,No,2023-03-06,Big day at work got acknowledged by my team lead!
3210,F A,No,2023-03-07,Our collective effort can enact the change we wish to see.
3210,F A,No,2023-03-08,Unacceptable governance must be challenged at every step.
3210,F A,No,2023-03-09,We stand at a crucial juncture to correct wrongs against us.
3210,F A,No,2023-03-10,Work celebration felt good but there's more to achieve.
3210,F A,No,2023-03-11,Together in dissent we forge a path to a brighter tomorrow.
3210,F A,No,2023-03-12,Committing to the cause our voices will not be silenced.
3210,F A,No,2023-03-13,A call to my peers: join in solidarity for our future.
3210,F A,No,2023-03-14,The dawn of a pivotal day; our unity is our strength.
3210,F A,No,2023-03-16,The outpour of support post-protest has been overwhelming.
3210,F A,No,2023-03-17,Inspired by the courage seen today; change is on the horizon.
3210,F A,No,2023-03-18,The energy from the protest fuels my commitment to our cause.
3210,F A,No,2023-03-19,The collective spirit of the movement is invigorating.
3210,F A,No,2023-03-20,Today reminded me why we fight; for justice for a better tomorrow.
3210,F A,No,2023-03-21,The solidarity experienced has only strengthened my resolve.
3210,F A,No,2023-03-22,Reflecting on the protests it's clear our voices were heard.
3210,F A,No,2023-03-23,Planning the next steps; our movement is just beginning.
3210,F A,No,2023-03-24,Heartened by the unity shown we're only getting started.
3210,F A,No,2023-03-25,The fight continues but with renewed vigor and purpose.
3211,F K,No,2023-03-05,Time for action against injustice is now or never.
3211,F K,No,2023-03-06,Big day at work got acknowledged by my team lead!
3211,F K,No,2023-03-07,Our collective effort can enact the change we wish to see.
3211,F K,No,2023-03-08,Unacceptable governance must be challenged at every step.
3211,F K,No,2023-03-09,We stand at a crucial juncture to correct wrongs against us.
3211,F K,No,2023-03-10,Work celebration felt good but there's more to achieve.
3211,F K,No,2023-03-11,Together in dissent we forge a path to a brighter tomorrow.
3211,F K,No,2023-03-12,Committing to the cause our voices will not be silenced.
3211,F K,No,2023-03-13,A call to my peers: join in solidarity for our future.
3211,F K,No,2023-03-14,The dawn oF K pivotal day; our unity is our strength.
3211,F K,No,2023-03-16,The outpour of support post-protest has been overwhelming.
3211,F K,No,2023-03-17,Inspired by the courage seen today; change is on the horizon.
3211,F K,No,2023-03-18,The energy from the protest fuels my commitment to our cause.
3211,F K,No,2023-03-19,The collective spirit of the movement is invigorating.
3211,F K,No,2023-03-20,Today reminded me why we fight; for justice for a better tomorrow.
3211,F K,No,2023-03-21,The solidarity experienced has only strengthened my resolve.
3211,F K,No,2023-03-22,Reflecting on the protests it's clear our voices were heard.
3211,F K,No,2023-03-23,Planning the next steps; our movement is just beginning.
3211,F K,No,2023-03-24,Heartened by the unity shown we're only getting started.
3211,F K,No,2023-03-25,The fight continues but with renewed vigor and purpose.